{
  "lastRecommendedId": "1766234048.339745339780",
  "recommendationCounts": {
    "1766234048.339745339780": 1,
    "1766235993.780469780496": 0,
    "1766236136.323517323535": 0,
    "1766236165.301132301149": 0
  },
  "readCounts": {
    "1766234048.339745339780": 0,
    "1766235993.780469780496": 0,
    "1766236136.323517323535": 0,
    "1766236165.301132301149": 0
  },
  "readingTimes": {
    "1766234048.339745339780": [],
    "1766235993.780469780496": [],
    "1766236136.323517323535": [],
    "1766236165.301132301149": []
  }
}