{
  "lastRecommendedId": "1766235297.640579640616",
  "recommendationCounts": {
    "1766235297.640579640616": 2,
    "1766235930.01849518541": 0,
    "1766236135.326572326585": 1,
    "1766236154.959864959881": 0
  },
  "readCounts": {
    "1766235297.640579640616": 0,
    "1766235930.01849518541": 0,
    "1766236135.326572326585": 0,
    "1766236154.959864959881": 0
  },
  "readingTimes": {
    "1766235297.640579640616": [],
    "1766235930.01849518541": [],
    "1766236135.326572326585": [],
    "1766236154.959864959881": []
  }
}